Id,Date,Price
1,2005-01-02,230.3
1,2005-09-06,84.39
1,2006-01-18,131.07
1,2006-04-05,86.43
1,2006-07-02,11.49
1,2006-10-04,246.51
1,2006-10-17,48.6
2,2005-01-02,61.11
2,2005-01-16,18.75
2,2006-04-06,15.49
2,2006-07-20,21.49
2,2006-09-08,11.77
3,2005-01-02,19.99
3,2005-06-02,50.67
3,2006-06-11,43.5
3,2006-08-31,29.77
3,2006-09-26,27.13
3,2006-12-24,102.36
3,2007-04-19,43.3
3,2007-07-07,33.51
3,2008-06-15,4.79
4,2005-01-02,15.96
4,2005-06-13,14.99
4,2005-07-03,39.25
5,2005-01-02,46.88
5,2005-05-13,11.77
6,2005-01-02,13.49
6,2005-09-20,9.99
6,2005-10-16,12.77
6,2005-12-21,6.79
7,2005-01-02,13.97
7,2005-09-26,41.31
7,2006-11-11,28.49
7,2006-11-14,20.35
7,2007-10-15,93.97
7,2008-06-05,11.77
7,2008-08-04,27.33
7,2010-03-15,22.99
7,2010-09-07,43.3
7,2010-10-15,12.99
8,2005-01-02,11.58
8,2005-04-30,24.48
8,2005-05-03,120.43
9,2005-01-02,38.47
9,2005-03-30,7.98
9,2007-02-02,14.96
9,2007-04-14,42.48
9,2007-06-12,19.74
9,2007-07-11,16.99
9,2007-11-06,58.46
9,2008-08-21,13.99
9,2009-02-20,79.21
9,2010-11-08,45.47
10,2005-01-02,14.37
10,2005-06-26,38.86
10,2006-11-30,48.94
10,2009-10-24,14.37
11,2005-01-02,26.94
12,2005-01-02,10.77
13,2005-01-02,43.34
13,2010-06-04,88.18
14,2005-01-02,79.2
14,2005-06-03,64.74
14,2009-10-23,15.76
15,2005-01-02,34.74
15,2008-11-16,64.45
16,2005-01-02,9.77
16,2005-04-28,65.97
16,2005-05-03,53.29
16,2005-06-02,32.47
16,2005-09-30,27.98
16,2005-10-10,13.77
16,2005-11-06,28.7
16,2005-11-27,33.72
16,2006-06-15,12.99
16,2006-10-17,57.5
16,2006-11-21,118.23
16,2007-02-12,121.15
16,2007-02-14,74.73
16,2007-03-22,51.67
16,2007-06-05,37.71
16,2007-09-06,71.63
16,2007-11-11,92.81
16,2007-12-08,9.58
16,2007-12-20,41.47
16,2008-02-24,9.49
16,2008-06-21,11.77
16,2008-09-02,29.06
16,2009-02-13,35.48
16,2009-03-12,40.98
16,2009-08-19,53.46
16,2009-12-28,19.95
16,2010-01-06,43.13
16,2010-02-02,15.38
16,2010-10-17,35.93
16,2010-10-26,62.58
16,2010-11-01,132.67
16,2010-12-19,43.89
17,2005-01-02,59.54
17,2005-02-18,14.79
18,2005-01-02,15.36
18,2005-10-29,42.71
19,2005-01-02,30.36
19,2005-04-02,43.47
19,2006-01-14,17.7
19,2006-07-28,12.77
19,2006-10-28,12.99
19,2007-01-31,70.42
19,2007-03-28,12.25
19,2007-06-30,24.98
19,2008-03-20,43.09
19,2008-08-09,21.49
19,2008-09-19,29.33
19,2009-01-19,29.73
19,2009-05-25,12.97
19,2009-10-09,31.05
19,2009-12-26,43.69
19,2010-05-14,31.35
19,2010-06-04,9.98
19,2010-06-12,14.37
19,2010-08-30,35.47
19,2010-10-09,47.46
20,2005-01-02,29.33
21,2005-01-02,90.96
21,2005-10-11,9.97
21,2005-10-22,21.49
22,2005-01-02,13.99
22,2005-08-22,95.2
22,2005-12-02,12.49
22,2006-01-07,11.77
22,2006-11-03,29.66
22,2006-12-20,20.75
22,2006-12-24,53.98
22,2007-01-12,13.99
22,2007-06-05,55.1
22,2007-10-13,15.36
22,2007-12-08,52.98
22,2008-03-25,14.99
22,2008-08-18,38.77
22,2008-11-08,23.49
22,2009-04-08,40.53
22,2009-12-21,25.48
22,2010-06-23,66.96
22,2010-11-13,55.27
22,2010-12-06,73.62
23,2005-01-02,17.3
23,2005-02-08,26.14
23,2005-06-05,14.96
23,2005-07-10,39.47
23,2006-02-23,139.7
23,2006-06-19,105.76
23,2006-08-01,11.77
23,2007-11-28,15.99
24,2005-01-02,11.77
24,2005-11-29,77.21
24,2006-09-24,24.97
24,2006-10-18,10.49
25,2005-01-02,29.92
25,2005-11-30,35.99
25,2006-06-02,6.78
25,2008-11-13,152.89
26,2005-01-02,39.91
26,2005-11-19,26.99
26,2008-03-03,15.36
27,2005-01-02,12.97
28,2005-01-02,70.07
28,2005-02-15,59.96
29,2005-01-02,27.98
29,2005-04-23,28.49
29,2005-12-29,11.77
29,2006-01-03,53.96
29,2006-06-01,26.13
29,2006-09-14,11.77
29,2007-01-20,25.97
29,2007-01-25,52.71
29,2007-06-01,36.28
29,2007-12-12,47.41
29,2008-06-15,4.79
29,2009-06-09,17.9
30,2005-01-02,20.54
30,2005-02-15,125.69
31,2005-01-02,12.77
31,2005-01-10,21.76
31,2005-01-25,15.36
31,2005-02-01,9.49
31,2005-04-04,57.51
31,2005-07-01,13.97
31,2005-10-02,29.92
31,2005-10-22,13.99
31,2005-10-22,13.76
31,2006-10-21,38.5
31,2006-10-23,67.57
31,2006-10-31,149.92
31,2006-12-03,11.77
31,2006-12-24,35.95
31,2007-08-13,34.71
31,2007-10-23,72.99
31,2007-11-18,27.14
31,2007-12-05,14.96
31,2008-06-02,14.96
31,2008-06-28,24.48
31,2008-09-09,13.77
31,2008-09-25,16.36
31,2008-10-12,24.9
31,2009-01-01,14.96
31,2009-02-16,53.45
31,2009-05-08,25.48
31,2009-08-11,38.99
31,2009-09-16,21.49
31,2009-10-24,19.98
31,2009-11-22,0
31,2009-12-04,176.86
31,2010-03-06,10.77
31,2010-09-22,12.49
31,2010-11-03,41.11
32,2005-01-02,66.47
32,2006-10-26,25.77
33,2005-01-02,9.98
33,2005-01-15,12.99
33,2005-03-04,24.47
34,2005-01-02,16.48
34,2005-06-27,37.99
34,2005-12-12,38.97
34,2006-01-30,25.74
34,2006-03-29,92.79
34,2006-08-12,25.98
34,2007-02-18,25.74
34,2007-05-01,60.49
34,2007-06-14,79.44
34,2007-08-25,27.47
34,2008-04-26,47.97
34,2008-06-02,25.3
34,2008-06-06,12.58
34,2008-07-10,51.97
34,2008-11-16,53.96
34,2009-04-20,2.99
34,2010-02-28,13.97
34,2010-04-04,13.97
34,2010-06-07,14.96
34,2010-06-30,8.97
34,2010-10-21,11.77
35,2005-01-02,316.76
36,2005-01-02,28.74
37,2005-01-02,59.96
37,2005-02-17,23.76
38,2005-01-02,15.96
39,2005-01-02,46.04
39,2005-06-17,55.08
39,2005-06-23,68.89
39,2007-12-14,30.33
40,2005-01-02,11.77
40,2005-05-29,12.99
40,2005-08-10,24.73
40,2005-11-04,13.97
40,2005-11-16,30.92
40,2005-12-18,83.2
40,2007-04-09,99.93
40,2007-04-20,46.46
40,2007-05-02,78.47
40,2007-10-13,70.33
40,2008-03-12,20.76
40,2009-06-24,29.33
40,2009-08-01,64.42
40,2009-11-25,50.96
40,2009-12-05,17.75
40,2010-11-27,19.3
41,2005-01-02,20.74
41,2005-01-13,75.44
41,2006-04-09,27.94
41,2006-05-23,35.51
41,2006-05-31,22.49
41,2006-11-07,81.94
42,2005-01-02,20.3
42,2005-03-11,10.98
42,2005-08-22,14.96
42,2005-12-10,26.14
43,2005-01-02,15.9
43,2005-02-08,21.77
44,2005-01-02,11.77
44,2005-05-29,29.92
45,2005-01-02,10.49
45,2010-11-01,9.97
46,2005-01-02,44.32
46,2006-07-17,6.79
46,2006-10-04,27.47
46,2006-12-09,15.36
46,2008-02-07,11.77
46,2008-02-19,34.14
47,2005-01-02,19.99
48,2005-01-02,14.99
49,2005-01-02,48.31
50,2005-01-02,28.93
51,2005-01-02,11.49
51,2005-03-06,36.86
52,2005-01-02,15.49
52,2005-06-12,9.98
53,2005-01-02,26.98
53,2005-06-24,56.97
53,2006-06-09,28.98
53,2008-03-13,28.97
53,2009-08-01,58.45
54,2005-01-02,9.99
54,2006-03-01,68.85
54,2007-03-20,25.48
55,2005-01-02,12.77
56,2005-01-02,11.77
56,2005-02-23,14.96
56,2005-09-20,9.99
56,2005-10-13,10.77
56,2005-12-02,14.79
56,2005-12-24,23.54
56,2006-08-21,62.96
56,2006-08-25,182.02
56,2007-11-20,14.96
56,2008-10-17,23.73
56,2010-10-16,11.77
56,2010-11-25,8.97
57,2005-01-02,14.99
57,2005-01-31,57.69
57,2005-06-09,95.94
58,2005-01-02,53.54
59,2005-01-02,23.74
59,2005-05-19,12.99
59,2005-06-14,29.98
60,2005-01-02,44.47
61,2005-01-02,72.85
62,2005-01-02,12.49
63,2005-01-02,11.77
63,2005-06-06,6.79
63,2005-09-22,12.77
63,2006-08-07,9.77
63,2007-12-25,44.88
63,2008-06-13,2.99
63,2008-07-18,47.97
63,2008-08-10,14.49
63,2008-11-10,27.94
64,2005-01-02,24.49
64,2006-06-12,28.74
64,2007-09-06,24.99
64,2007-11-09,50.28
65,2005-01-02,26.73
66,2005-01-02,18.64
66,2005-01-25,54.27
66,2005-03-07,33.7
66,2005-04-04,42.36
66,2005-04-09,21.74
66,2005-04-10,51.35
67,2005-01-02,37.9
67,2005-08-23,23.98
67,2006-06-08,14.99
68,2005-01-02,121.05
68,2005-03-12,11.77
68,2005-09-30,162.04
68,2005-09-30,30.72
68,2005-10-19,58.28
69,2005-01-02,89.47
70,2005-01-02,26.98
70,2005-12-13,11.77
70,2005-12-31,255.35
70,2006-05-01,12.99
70,2006-08-03,50.97
70,2006-08-14,50.74
70,2007-05-19,38.97
70,2008-01-28,5.78
70,2008-03-05,65.99
70,2008-06-15,58.06
70,2009-04-22,6.77
70,2009-07-16,19.56
70,2009-09-09,53.96
70,2009-12-26,22.97
70,2010-03-17,9.49
70,2010-07-23,23.76
70,2010-08-01,37.51
70,2010-08-25,39.51
71,2005-01-02,16
71,2005-09-19,16.7
71,2006-04-24,17.76
71,2006-06-24,29.92
71,2006-11-21,34
71,2009-01-27,23.99
71,2009-03-19,29.92
71,2010-03-11,89.2
71,2010-11-26,39.97
72,2005-01-02,27.13
72,2005-07-14,22.96
72,2005-11-21,11.77
72,2005-12-04,25.49
72,2006-10-26,493.91
72,2007-11-07,24.74
72,2008-09-27,13.97
72,2009-05-06,46.08
73,2005-01-02,15.36
73,2005-04-18,11.77
73,2005-05-01,57.46
73,2005-09-08,1554.58
73,2005-10-09,37.98
73,2006-01-03,12.99
73,2006-05-09,140.93
74,2005-01-02,170.9
74,2005-11-05,35.97
74,2007-01-31,11.49
74,2008-03-28,27.98
74,2008-09-24,13.97
74,2008-12-23,34.95
74,2010-09-22,62.85
74,2010-10-10,15.36
75,2005-01-02,86.79
76,2005-01-02,111.49
76,2005-08-24,85.01
76,2006-04-19,16.49
76,2006-05-25,14.99
76,2007-07-04,106.1
76,2008-10-21,14.49
76,2009-01-28,23.54
76,2009-01-28,22.97
76,2009-02-11,27.94
76,2010-05-08,23.94
76,2010-11-19,11.97
77,2005-01-02,61.05
77,2005-06-01,44.97
77,2006-07-18,16.77
77,2006-07-26,32.37
77,2007-05-05,31.97
77,2008-03-20,14.49
77,2008-12-05,26.94
77,2009-05-04,43.97
78,2005-01-02,30.73
78,2007-07-25,15.49
79,2005-01-02,70.62
80,2005-01-02,11.77
80,2005-01-17,13.97
80,2005-04-12,11.49
81,2005-01-02,12.49
81,2005-04-27,38.97
81,2007-12-14,28.48
81,2008-03-07,21.48
81,2009-11-19,26.98
81,2010-08-28,77.24
82,2005-01-02,29.47
82,2005-01-22,26.48
83,2005-01-02,95.95
83,2007-04-02,14.96
84,2005-01-02,12.49
84,2005-01-26,10.77
84,2006-01-04,13.77
84,2006-08-06,38.07
84,2006-12-27,85.42
84,2007-12-21,29.48
84,2008-10-08,18.49
84,2009-01-15,128.13
84,2009-09-28,9.49
84,2009-11-24,9.97
84,2009-11-28,56.94
84,2010-01-17,14.37
84,2010-01-24,29.92
84,2010-02-12,18.52
84,2010-06-20,12.77
84,2010-09-12,22.98
84,2010-10-26,24.48
85,2005-01-02,12.49
85,2005-10-23,93.24
85,2006-01-23,23.94
85,2006-11-01,54.73
85,2007-06-10,28.74
85,2008-04-19,12.99
85,2008-06-16,30.48
86,2005-01-02,29.33
87,2005-01-02,24.54
87,2008-06-12,55.32
88,2005-01-02,23.98
89,2005-01-02,14.99
90,2005-01-02,69.55
90,2007-02-23,32.98
91,2005-01-02,48.46
92,2005-01-02,59.16
93,2005-01-02,14.37
93,2005-03-24,47.52
93,2005-06-28,43.48
93,2005-07-30,28.48
93,2005-10-17,65.63
93,2005-10-22,12.49
93,2005-10-23,12.99
93,2005-11-18,45.49
93,2005-11-19,29.13
93,2005-11-20,25.56
93,2005-11-27,52.63
93,2005-12-30,31.78
93,2006-01-17,28.34
93,2006-05-21,31.03
93,2006-06-12,26.73
93,2006-07-01,21.56
93,2006-09-23,14.79
93,2006-10-23,12.99
93,2006-10-28,15.49
93,2007-01-22,83.44
93,2007-01-25,7.78
93,2007-02-14,28.74
93,2007-03-25,155.8
93,2007-04-18,20.99
93,2007-05-30,26.3
93,2007-08-24,23.98
93,2007-10-02,69.45
93,2007-10-21,37.26
93,2008-01-03,7.78
93,2008-02-04,22.15
93,2008-02-18,77.42
93,2008-03-24,13.77
93,2008-06-17,12.49
93,2008-07-21,27.98
93,2008-08-18,11.88
93,2008-08-23,35.31
93,2008-09-18,63.86
93,2008-09-27,36.73
93,2008-10-16,13.97
93,2008-10-20,12.49
93,2008-11-03,48.88
93,2008-11-05,21.54
93,2008-11-14,38.7
93,2009-05-14,8
93,2009-06-26,14.37
93,2009-08-11,22.48
93,2009-11-07,27.56
93,2010-02-24,24.74
93,2010-03-28,46.47
93,2010-04-29,12.49
93,2010-08-01,12.97
93,2010-11-13,9.49
93,2010-12-13,24.99
94,2005-01-02,17.99
94,2005-02-05,14.96
95,2005-01-02,13.97
95,2005-10-04,21.47
95,2006-08-07,14.99
95,2007-10-27,11.77
95,2008-10-28,59.28
95,2009-04-12,12.77
95,2009-07-19,14.99
96,2005-01-02,47.97
96,2007-06-04,16.36
96,2008-06-15,224.28
96,2008-09-16,12.97
97,2005-01-02,24.98
98,2005-01-02,28.49
98,2005-11-07,33.14
99,2005-01-02,42.49
99,2005-06-18,2.99
99,2005-10-07,12.99
99,2006-10-03,13.99
100,2005-01-02,52.63
100,2007-04-26,42.97
100,2008-06-01,19.56
100,2008-10-25,17.9
100,2009-03-11,129.98
100,2009-05-02,14.37
100,2009-12-03,56.47
100,2009-12-04,14.96
100,2010-03-16,25.37
100,2010-06-08,11.77
101,2005-01-02,29.98
101,2005-08-14,29.96
102,2005-01-02,93.57
103,2005-01-02,4.79
103,2005-01-05,5.79
103,2005-11-20,73.02
103,2006-12-22,15.36
104,2005-01-02,7.49
104,2005-01-10,15.49
104,2005-01-27,4.79
105,2005-01-02,87.4
105,2005-06-23,11.77
105,2007-11-03,14.96
105,2009-10-07,23.76
105,2009-10-30,40.7
105,2009-12-01,31.13
105,2009-12-12,43.89
105,2010-11-25,15.49
106,2005-01-02,20.55
106,2005-11-30,29.33
106,2006-02-05,50.94
106,2006-10-13,51.96
106,2007-12-06,42.97
106,2010-05-06,10.97
107,2005-01-02,22.74
107,2005-07-22,25.16
108,2005-01-02,31.14
109,2005-01-02,51.15
109,2005-01-11,15.36
109,2005-03-30,11.77
110,2005-01-02,38.9
110,2005-10-14,27.94
110,2005-10-19,44.88
110,2005-11-24,28.48
111,2005-01-02,60.23
112,2005-01-02,28.48
112,2005-02-03,40.7
112,2005-03-23,59.74
112,2006-01-31,29.37
112,2007-04-07,13.97
112,2008-08-30,37.96
112,2010-05-06,29.27
113,2005-01-02,90.2
113,2005-03-12,14.96
113,2006-05-30,14.96
113,2006-09-09,12.99
113,2006-11-30,13.97
113,2007-04-14,58.95
113,2008-01-20,15.36
113,2009-10-12,43.94
114,2005-01-02,14.96
114,2005-09-12,26.77
114,2006-12-15,51.68
114,2007-11-23,15.49
114,2008-04-30,9.99
114,2009-11-07,42.47
115,2005-01-02,63.85
116,2005-01-02,13.49
116,2005-02-19,157.86
116,2005-05-19,33.76
117,2005-01-02,78.98
118,2005-01-02,26.48
118,2005-05-29,15.56
118,2006-01-19,11.77
118,2006-05-22,14.79
118,2006-11-26,4.79
118,2007-10-23,33.4
118,2009-01-17,25.74
118,2009-02-01,23.54
118,2009-11-27,35.31
118,2010-05-14,26.87
119,2005-01-02,35.51
120,2005-01-02,46.48
121,2005-01-02,45.88
121,2006-02-01,22.96
121,2007-06-11,57.1
122,2005-01-02,19.49
122,2005-07-03,14.96
122,2006-06-27,101.82
122,2006-08-19,31.98
122,2006-10-08,13.97
122,2007-04-04,79.94
122,2007-06-05,15.49
122,2008-09-04,23.98
122,2008-09-25,75.53
122,2009-02-04,16.31
122,2009-06-25,14.42
122,2009-10-26,14.96
122,2009-12-05,27.55
122,2010-03-25,11.49
122,2010-08-29,71.45
122,2010-10-14,19.3
123,2005-01-02,14.99
124,2005-01-02,25.74
124,2006-01-30,69.95
124,2009-06-17,101.41
124,2009-10-03,12.99
125,2005-01-02,16.79
125,2008-05-30,10.77
126,2005-01-02,44.73
127,2005-01-02,28.93
127,2005-08-18,28.99
127,2005-11-26,13.97
127,2006-04-16,27.3
127,2007-04-05,54.35
128,2005-01-02,33.72
129,2005-01-02,11.77
129,2005-01-05,10.99
130,2005-01-02,30.98
130,2005-09-16,45.68
130,2005-11-30,15.99
131,2005-01-02,26.73
131,2005-10-27,14.96
131,2005-11-15,25.98
131,2008-11-11,134.9
131,2010-05-14,24.99
132,2005-01-02,37.97
133,2005-01-02,24.47
133,2005-03-18,15.96
133,2005-07-03,12.99
133,2005-10-09,65.64
133,2006-01-13,10.77
134,2005-01-02,29.92
134,2006-02-21,15.36
134,2006-04-09,12.49
134,2007-01-03,33.96
135,2005-01-02,12.49
135,2006-10-03,19.99
135,2007-05-26,14.99
135,2007-06-15,14.87
135,2008-11-26,26.73
135,2009-03-13,95.43
135,2010-02-02,12.49
136,2005-01-02,28.93
136,2005-03-03,12.99
136,2005-11-12,11.49
136,2006-01-07,89.43
136,2006-02-02,40.97
136,2006-09-13,68.77
136,2006-10-11,14.37
136,2006-12-06,13.97
136,2007-07-24,11.77
136,2007-10-03,23.98
136,2007-10-08,13.97
136,2008-11-04,32.94
136,2008-11-06,12.25
136,2008-11-13,23.98
136,2009-02-09,34.97
136,2009-11-12,14.37
137,2005-01-02,31.8
137,2005-04-07,13.97
137,2005-08-21,63.48
137,2006-08-15,81.41
137,2006-11-05,14.49
137,2010-12-12,18.99
138,2005-01-02,98.5
138,2005-01-19,140.68
138,2005-02-18,49.91
138,2005-03-29,20.98
138,2005-10-21,14.96
138,2005-11-20,14.49
138,2005-12-16,36.33
138,2006-08-24,15.49
138,2006-09-01,41.9
138,2006-09-04,18.48
138,2006-10-28,10.98
138,2006-11-15,68.45
139,2005-01-02,37.48
139,2005-02-27,72.31
139,2006-01-26,14.79
139,2006-11-20,15.76
139,2008-11-14,12.77
139,2008-12-03,15.36
140,2005-01-02,35.97
141,2005-01-02,19.98
141,2005-02-12,49.96
141,2005-12-05,13.96
141,2006-01-27,91.73
142,2005-01-02,38.51
143,2005-01-02,9.98
143,2005-06-01,14.99
143,2005-06-04,46.28
143,2005-07-27,14.37
143,2005-07-29,39.48
143,2005-10-17,39.47
143,2006-05-14,37.54
143,2006-07-27,17.76
143,2007-09-07,25.98
143,2008-01-04,29.76
143,2008-07-20,323.68
143,2009-02-11,12.77
143,2010-06-03,151.98
143,2010-10-14,90.41
144,2005-01-02,13.97
145,2005-01-02,12.99
145,2006-10-23,27.48
145,2007-01-16,26.73
145,2007-10-10,15.36
145,2008-01-21,51.11
145,2008-02-04,13.99
145,2010-01-18,31.51
146,2005-01-02,13.97
146,2005-10-15,87.04
147,2005-01-02,8.77
147,2005-12-25,292.66
148,2005-01-02,28.47
149,2005-01-02,8.77
149,2006-09-26,19.54
149,2006-11-05,10.77
149,2007-06-20,6.49
149,2008-02-18,14.99
149,2008-05-03,13.97
149,2008-11-08,11.77
149,2009-05-11,14.37
149,2010-05-28,30.33
149,2010-07-22,15.96
149,2010-11-21,12.77
150,2005-01-02,27
150,2005-05-31,20.95
150,2005-07-09,29.16
151,2005-01-02,19.54
151,2005-04-05,32.98
151,2007-01-23,28.47
151,2007-03-02,9.49
151,2009-09-20,14.79
151,2010-03-31,62.45
151,2010-09-03,42.47
152,2005-01-02,52.54
153,2005-01-02,30.97
154,2005-01-02,77.94
154,2005-01-30,26.74
155,2005-01-02,60.84
155,2006-01-08,37.65
155,2006-12-06,12.77
155,2007-11-21,33.37
155,2008-12-12,24.48
155,2009-07-28,29.92
156,2005-01-02,15.49
156,2005-07-18,12.99
156,2008-09-16,39.93
156,2010-10-17,65.8
157,2005-01-02,26.94
157,2010-11-20,23.54
158,2005-01-02,14.96
159,2005-01-02,36.73
159,2005-11-11,50.87
159,2008-10-25,101.94
160,2005-01-02,41.68
161,2005-01-02,14.97
161,2005-10-25,14.99
161,2005-12-30,8.77
162,2005-01-02,34.9
163,2005-01-02,15.36
164,2005-01-02,28.37
164,2005-01-06,46.08
164,2005-02-26,9.77
164,2006-06-15,42.48
164,2006-06-17,151.77
164,2006-06-18,13.97
164,2006-10-16,9.49
164,2006-12-08,13.97
164,2006-12-28,33.38
164,2007-10-01,19.77
164,2007-10-16,27.98
164,2008-05-23,14.79
164,2008-07-21,15.96
164,2008-08-07,30.36
164,2008-08-22,29.99
164,2008-10-19,13.97
164,2008-12-04,12.49
164,2009-06-11,42.69
164,2009-07-19,24.94
164,2009-09-11,54.97
164,2009-10-14,66.84
164,2010-05-08,22.54
164,2010-07-29,230.3
164,2010-08-07,84.39
165,2005-01-02,131.07
166,2005-01-02,86.43
166,2006-12-07,11.49
166,2007-06-08,246.51
166,2009-01-30,48.6
166,2010-07-25,61.11
167,2005-01-02,18.75
168,2005-01-02,15.49
168,2005-06-02,21.49
169,2005-01-02,11.77
169,2007-07-09,19.99
169,2010-01-16,50.67
170,2005-01-02,43.5
170,2005-05-22,29.77
170,2005-06-03,27.13
170,2005-11-08,102.36
170,2005-11-21,43.3
170,2005-11-27,33.51
170,2006-06-09,4.79
170,2006-09-21,15.96
170,2006-10-08,14.99
170,2007-05-05,39.25
170,2007-08-08,46.88
170,2007-10-17,11.77
170,2008-11-22,13.49
170,2009-06-17,9.99
171,2005-01-02,12.77
172,2005-01-02,6.79
172,2005-02-12,13.97
172,2005-07-21,41.31
172,2005-07-24,28.49
172,2005-12-07,20.35
172,2006-05-29,93.97
173,2005-01-02,11.77
173,2005-06-18,27.33
173,2006-02-02,22.99
173,2006-11-05,43.3
173,2009-08-22,12.99
173,2009-10-15,11.58
174,2005-01-02,24.48
175,2005-01-02,120.43
176,2005-01-02,38.47
176,2006-10-01,7.98
176,2006-11-01,14.96
176,2007-10-06,42.48
176,2008-01-25,19.74
176,2008-05-15,16.99
177,2005-01-02,58.46
178,2005-01-02,13.99
178,2005-11-16,79.21
178,2006-06-18,45.47
178,2006-08-12,14.37
178,2006-11-13,38.86
178,2007-06-03,48.94
179,2005-01-02,14.37
179,2005-10-08,26.94
179,2008-10-20,10.77
180,2005-01-02,43.34
180,2006-06-15,88.18
181,2005-01-02,79.2
182,2005-01-02,64.74
183,2005-01-02,15.76
184,2005-01-02,34.74
185,2005-01-02,64.45
186,2005-01-02,9.77
187,2005-01-02,65.97
187,2005-03-05,53.29
187,2005-06-14,32.47
187,2005-08-08,27.98
187,2005-10-16,13.77
187,2006-10-18,28.7
187,2007-05-08,33.72
187,2007-12-01,12.99
187,2008-02-09,57.5
187,2010-05-28,118.23
187,2010-07-04,121.15
188,2005-01-02,74.73
188,2005-08-17,51.67
188,2007-08-05,37.71
188,2008-07-15,71.63
188,2008-12-24,92.81
188,2009-06-15,9.58
189,2005-01-02,41.47
189,2007-05-20,9.49
190,2005-01-02,11.77
190,2005-06-01,29.06
190,2005-06-13,35.48
190,2005-07-27,40.98
190,2005-08-25,53.46
190,2005-09-30,19.95
190,2005-12-16,43.13
190,2006-04-15,15.38
190,2006-04-22,35.93
190,2006-06-04,62.58
190,2007-09-01,132.67
190,2008-06-08,43.89
190,2008-06-21,59.54
190,2009-03-04,14.79
190,2009-07-14,15.36
190,2010-01-09,42.71
190,2010-05-30,30.36
191,2005-01-02,43.47
191,2005-06-23,17.7
191,2005-08-18,12.77
191,2005-09-03,12.99
191,2006-05-20,70.42
191,2006-08-14,12.25
191,2006-09-17,24.98
191,2006-10-06,43.09
191,2006-10-26,21.49
191,2006-11-12,29.33
191,2007-03-27,29.73
191,2007-08-13,12.97
191,2007-10-28,31.05
191,2008-03-04,43.69
191,2008-06-19,31.35
191,2008-08-15,9.98
191,2008-08-21,14.37
191,2009-11-30,35.47
191,2009-12-23,47.46
191,2010-04-22,29.33
191,2010-06-10,90.96
192,2005-01-02,9.97
192,2005-04-16,21.49
192,2005-05-22,13.99
192,2006-03-04,95.2
193,2005-01-02,12.49
194,2005-01-02,11.77
195,2005-01-02,29.66
195,2005-03-14,20.75
196,2005-01-02,53.98
196,2007-05-23,13.99
197,2005-01-02,55.1
197,2005-03-20,15.36
197,2007-03-06,52.98
197,2007-04-25,14.99
197,2008-10-25,38.77
197,2008-12-11,23.49
197,2010-11-16,40.53
198,2005-01-02,25.48
199,2005-01-02,66.96
199,2005-01-15,55.27
199,2005-02-03,73.62
199,2005-06-18,17.3
199,2005-06-24,26.14
199,2005-09-18,14.96
199,2005-11-27,39.47
199,2006-02-14,139.7
199,2007-03-06,105.76
199,2007-05-30,11.77
200,2005-01-02,15.99
200,2005-03-14,11.77
201,2005-01-02,77.21
201,2005-02-04,24.97
201,2005-03-29,10.49
201,2005-05-29,29.92
201,2005-06-02,35.99
201,2005-06-11,6.78
201,2005-06-14,152.89
201,2005-08-17,39.91
201,2005-08-27,26.99
201,2005-09-29,15.36
201,2005-11-24,12.97
201,2005-11-30,70.07
201,2005-12-31,59.96
201,2006-01-19,27.98
201,2006-02-10,28.49
201,2006-02-25,11.77
201,2006-06-02,53.96
201,2006-06-04,26.13
201,2006-06-10,11.77
201,2006-06-21,25.97
201,2006-10-29,52.71
201,2006-11-02,36.28
202,2005-01-02,47.41
202,2005-05-08,4.79
202,2006-01-12,17.9
202,2006-07-05,20.54
203,2005-01-02,125.69
203,2005-08-20,12.77
204,2005-01-02,21.76
204,2006-11-14,15.36
205,2005-01-02,9.49
206,2005-01-02,57.51
206,2005-06-07,13.97
206,2006-01-01,29.92
206,2006-06-12,13.99
206,2006-09-30,13.76
206,2007-02-05,38.5
206,2008-10-11,67.57
206,2009-02-17,149.92
206,2009-10-21,11.77
206,2010-03-02,35.95
206,2010-04-04,34.71
206,2010-10-28,72.99
207,2005-01-02,27.14
207,2005-03-09,14.96
207,2005-03-30,14.96
207,2005-11-17,24.48
207,2006-03-07,13.77
207,2006-10-10,16.36
207,2007-04-08,24.9
207,2007-06-25,14.96
207,2007-07-14,53.45
207,2007-10-03,25.48
207,2007-12-16,38.99
207,2008-02-06,21.49
207,2008-04-05,19.98
207,2008-06-21,0
207,2008-10-17,176.86
207,2008-10-22,10.77
207,2008-10-29,12.49
207,2008-11-15,41.11
208,2005-01-02,66.47
209,2005-01-02,25.77
209,2005-04-28,9.98
210,2005-01-02,12.99
210,2005-06-12,24.47
211,2005-01-02,16.48
211,2006-06-04,37.99
211,2006-10-23,38.97
211,2010-05-31,25.74
211,2010-11-11,92.79
212,2005-01-02,25.98
213,2005-01-02,25.74
213,2005-01-30,60.49
213,2005-02-05,79.44
213,2005-02-20,27.47
213,2005-04-20,47.97
213,2006-05-31,25.3
213,2006-09-04,12.58
213,2006-10-21,51.97
213,2007-01-01,53.96
213,2008-04-16,2.99
213,2008-06-02,13.97
213,2008-06-18,13.97
213,2008-11-02,14.96
213,2009-03-22,8.97
213,2009-07-05,11.77
213,2009-09-15,316.76
213,2009-09-20,28.74
213,2009-11-25,59.96
214,2005-01-02,23.76
214,2005-09-20,15.96
215,2005-01-02,46.04
215,2005-11-20,55.08
215,2006-12-05,68.89
215,2007-07-23,30.33
215,2007-08-28,11.77
215,2009-01-31,12.99
215,2010-06-26,24.73
216,2005-01-02,13.97
216,2006-01-17,30.92
217,2005-01-02,83.2
217,2005-05-30,99.93
217,2005-08-29,46.46
217,2005-10-02,78.47
217,2006-04-30,70.33
217,2006-06-22,20.76
217,2006-10-20,29.33
217,2006-11-25,64.42
217,2006-12-06,50.96
217,2007-02-28,17.75
217,2007-04-01,19.3
217,2007-06-01,20.74
217,2007-06-11,75.44
217,2007-09-08,27.94
217,2007-11-25,35.51
217,2008-04-22,22.49
217,2008-06-01,81.94
217,2008-06-03,20.3
217,2008-06-09,10.98
217,2008-07-08,14.96
217,2008-08-12,26.14
217,2008-09-13,15.9
217,2008-11-04,21.77
217,2008-11-07,11.77
217,2008-11-14,29.92
217,2009-03-15,10.49
217,2009-08-14,9.97
217,2009-10-05,44.32
217,2009-11-28,6.79
217,2010-10-12,27.47
217,2010-10-14,15.36
217,2010-11-03,11.77
217,2010-11-25,34.14
218,2005-01-02,19.99
218,2005-06-26,14.99
218,2005-08-21,48.31
218,2005-08-30,28.93
218,2006-02-25,11.49
219,2005-01-02,36.86
219,2005-04-23,15.49
219,2005-08-08,9.98
220,2005-01-02,26.98
220,2005-01-12,56.97
220,2005-01-19,28.98
220,2005-03-01,28.97
220,2005-03-19,58.45
220,2005-05-09,9.99
220,2005-05-29,68.85
220,2005-05-30,25.48
220,2005-06-02,12.77
220,2005-06-11,11.77
220,2005-07-10,14.96
220,2005-08-16,9.99
221,2005-01-02,10.77
221,2005-07-18,14.79
222,2005-01-02,23.54
222,2005-10-23,62.96
223,2005-01-02,182.02
223,2007-08-31,14.96
223,2007-09-21,23.73
223,2008-04-16,11.77
223,2008-06-14,8.97
223,2008-11-25,14.99
223,2009-10-17,57.69
223,2010-01-24,95.94
224,2005-01-02,53.54
224,2005-01-22,23.74
224,2005-02-15,12.99
224,2005-03-16,29.98
224,2005-06-02,44.47
224,2005-06-05,72.85
224,2005-06-26,12.49
225,2005-01-02,11.77
225,2005-04-13,6.79
225,2009-10-17,12.77
225,2010-09-13,9.77
226,2005-01-02,44.88
226,2005-07-20,2.99
226,2007-01-31,47.97
226,2008-12-05,14.49
227,2005-01-02,27.94
227,2005-01-27,24.49
227,2005-07-16,28.74
227,2005-07-31,24.99
227,2005-10-30,50.28
227,2006-04-09,26.73
227,2006-07-07,18.64
228,2005-01-02,54.27
228,2005-02-10,33.7
228,2005-04-18,42.36
228,2005-10-16,21.74
228,2006-01-07,51.35
228,2006-07-05,37.9
228,2007-11-03,23.98
228,2007-11-14,14.99
228,2008-10-11,121.05
229,2005-01-02,11.77
230,2005-01-02,162.04
230,2005-04-16,30.72
230,2005-04-29,58.28
230,2005-05-13,89.47
231,2005-01-02,26.98
231,2005-02-28,11.77
231,2005-04-26,255.35
231,2005-06-01,12.99
231,2005-10-24,50.97
231,2006-07-04,50.74
231,2007-06-12,38.97
231,2007-08-24,5.78
231,2008-01-06,65.99
231,2008-01-10,58.06
231,2009-03-09,6.77
231,2009-03-13,19.56
231,2009-04-16,53.96
231,2009-04-28,22.97
231,2009-08-31,9.49
231,2009-12-28,23.76
231,2010-04-24,37.51
232,2005-01-02,39.51
233,2005-01-02,16
233,2005-03-27,16.7
233,2005-06-02,17.76
233,2005-08-05,29.92
233,2006-02-04,34
234,2005-01-02,23.99
234,2005-02-25,29.92
234,2006-02-18,89.2
235,2005-01-02,39.97
235,2005-08-16,27.13
235,2007-02-19,22.96
235,2007-04-08,11.77
235,2007-04-15,25.49
236,2005-01-02,493.91
237,2005-01-02,24.74
237,2005-10-29,13.97
237,2006-01-27,46.08
238,2005-01-02,15.36
238,2005-04-01,11.77
238,2005-07-07,57.46
238,2005-10-20,1554.58
238,2005-12-17,37.98
238,2006-05-29,12.99
238,2006-06-25,140.93
238,2006-08-22,170.9
238,2007-08-25,35.97
239,2005-01-02,11.49
239,2005-06-12,27.98
239,2006-10-11,13.97
239,2007-04-26,34.95
239,2007-06-02,62.85
239,2008-04-16,15.36
240,2005-01-02,86.79
240,2007-04-21,111.49
240,2007-04-27,85.01
240,2009-02-12,16.49
240,2009-08-18,14.99
241,2005-01-02,106.1
241,2005-05-02,14.49
241,2005-07-28,23.54
241,2005-10-26,22.97
241,2007-01-13,27.94
241,2007-02-14,23.94
241,2007-05-14,11.97
241,2007-09-01,61.05
241,2007-11-28,44.97
241,2008-01-24,16.77
241,2008-02-18,32.37
241,2008-05-16,31.97
241,2008-06-07,14.49
241,2008-07-29,26.94
241,2008-08-27,43.97
241,2008-12-10,30.73
241,2009-02-11,15.49
241,2009-10-16,70.62
241,2010-05-08,11.77
242,2005-01-02,13.97
242,2005-06-28,11.49
242,2005-08-20,12.49
242,2005-10-05,38.97
242,2005-12-06,28.48
242,2006-04-16,21.48
242,2006-04-18,26.98
242,2006-05-31,77.24
242,2006-08-03,29.47
242,2006-08-25,26.48
242,2006-11-02,95.95
242,2006-12-14,14.96
243,2005-01-02,12.49
244,2005-01-02,10.77
244,2005-01-08,13.77
244,2005-02-22,38.07
245,2005-01-02,85.42
245,2005-12-19,29.48
245,2006-03-12,18.49
246,2005-01-02,128.13
247,2005-01-02,9.49
247,2005-12-03,9.97
248,2005-01-02,56.94
249,2005-01-02,14.37
250,2005-01-02,29.92
250,2005-03-12,18.52
250,2005-06-27,12.77
250,2005-09-22,22.98
250,2005-10-20,24.48
250,2005-11-20,12.49
250,2006-01-24,93.24
250,2006-07-05,23.94
250,2006-09-11,54.73
250,2006-10-19,28.74
250,2006-11-20,12.99
250,2006-11-24,30.48
250,2007-03-29,29.33
250,2007-05-30,24.54
250,2007-06-14,55.32
250,2007-09-30,23.98
250,2007-10-04,14.99
250,2008-07-17,69.55
250,2009-02-03,32.98
250,2009-05-23,48.46
250,2009-10-07,59.16
250,2010-03-19,14.37
250,2010-11-20,47.52
251,2005-01-02,43.48
252,2005-01-02,28.48
252,2006-05-16,65.63
252,2006-09-18,12.49
252,2007-10-04,12.99
252,2008-03-03,45.49
252,2009-01-17,29.13
252,2009-07-13,25.56
252,2009-08-18,52.63
252,2010-01-25,31.78
253,2005-01-02,28.34
253,2005-12-07,31.03
253,2007-04-09,26.73
254,2005-01-02,21.56
254,2005-04-21,14.79
254,2005-11-30,12.99
255,2005-01-02,15.49
255,2005-02-27,83.44
255,2005-04-02,7.78
255,2005-07-11,28.74
255,2006-06-06,155.8
255,2006-10-16,20.99
255,2007-01-03,26.3
255,2007-06-04,23.98
255,2007-12-02,69.45
255,2008-01-09,37.26
255,2008-06-16,7.78
255,2008-07-11,22.15
255,2008-12-23,77.42
255,2009-02-24,13.77
255,2009-03-15,12.49
255,2009-06-07,27.98
255,2010-01-11,11.88
255,2010-09-24,35.31
256,2005-01-02,63.86
256,2006-03-03,36.73
256,2006-05-18,13.97
256,2006-05-19,12.49
256,2007-06-30,48.88
256,2008-03-14,21.54
256,2009-07-16,38.7
256,2009-10-15,8
256,2010-09-05,14.37
256,2010-10-08,22.48
257,2005-01-02,27.56
258,2005-01-02,24.74
259,2005-01-02,46.47
259,2005-03-21,12.49
259,2005-05-31,12.97
259,2005-09-20,9.49
259,2006-04-26,24.99
259,2006-05-24,17.99
259,2006-11-10,14.96
259,2006-11-13,13.97
259,2006-12-23,21.47
259,2007-06-02,14.99
259,2007-11-16,11.77
259,2007-11-28,59.28
259,2009-06-10,12.77
259,2009-11-26,14.99
259,2010-02-28,47.97
259,2010-03-14,16.36
259,2010-07-18,224.28
259,2010-11-02,12.97
259,2010-11-07,24.98
259,2010-11-21,28.49
259,2010-12-03,33.14
260,2005-01-02,42.49
260,2005-06-02,2.99
261,2005-01-02,12.99
261,2007-05-03,13.99
261,2008-11-26,52.63
261,2009-01-13,42.97
261,2009-01-24,19.56
261,2009-11-12,17.9
262,2005-01-02,129.98
262,2005-03-07,14.37
262,2005-05-17,56.47
262,2005-05-18,14.96
262,2005-05-28,25.37
262,2005-06-08,11.77
262,2005-10-20,29.98
262,2006-02-27,29.96
262,2006-10-06,93.57
262,2006-11-12,4.79
262,2006-12-31,5.79
262,2007-02-25,73.02
262,2007-04-24,15.36
262,2007-05-20,7.49
262,2007-06-11,15.49
262,2007-08-15,4.79
262,2007-11-18,87.4
262,2008-09-09,11.77
262,2008-11-23,14.96
262,2009-04-23,23.76
262,2009-05-02,40.7
262,2009-07-11,31.13
262,2009-08-14,43.89
262,2009-09-10,15.49
262,2009-09-26,20.55
262,2009-10-17,29.33
262,2010-02-22,50.94
262,2010-04-08,51.96
262,2010-07-29,42.97
262,2010-11-11,10.97
262,2010-11-18,22.74
263,2005-01-02,25.16
263,2005-11-11,31.14
263,2007-10-01,51.15
263,2009-12-28,15.36
263,2010-03-30,11.77
263,2010-04-05,38.9
264,2005-01-02,27.94
264,2006-03-09,44.88
265,2005-01-02,28.48
265,2005-02-14,60.23
265,2005-11-30,28.48
265,2006-01-16,40.7
265,2006-05-13,59.74
265,2007-06-02,29.37
265,2007-09-17,13.97
265,2007-12-01,37.96
265,2008-03-06,29.27
266,2005-01-02,90.2
266,2005-10-30,14.96
266,2005-11-24,14.96
266,2006-05-31,12.99
266,2007-11-18,13.97
266,2009-04-11,58.95
267,2005-01-02,15.36
267,2006-01-03,43.94
267,2006-06-13,14.96
267,2008-01-30,26.77
267,2008-09-21,51.68
267,2009-04-12,15.49
267,2009-05-24,9.99
267,2010-01-16,42.47
268,2005-01-02,63.85
268,2005-01-24,13.49
268,2005-09-07,157.86
268,2005-12-17,33.76
268,2008-11-01,78.98
268,2008-11-22,26.48
268,2009-11-05,15.56
268,2010-02-27,11.77
269,2005-01-02,14.79
270,2005-01-02,4.79
271,2005-01-02,33.4
272,2005-01-02,25.74
272,2005-06-09,23.54
272,2005-11-14,35.31
272,2009-05-09,26.87
272,2010-05-17,35.51
272,2010-06-13,46.48
273,2005-01-02,45.88
273,2009-04-22,22.96
273,2010-10-06,57.1
274,2005-01-02,19.49
274,2005-05-07,14.96
274,2005-05-27,101.82
275,2005-01-02,31.98
275,2005-03-30,13.97
275,2005-06-08,79.94
275,2005-09-08,15.49
275,2006-04-04,23.98
275,2006-07-12,75.53
275,2007-05-13,16.31
275,2007-06-07,14.42
276,2005-01-02,14.96
276,2005-04-05,27.55
277,2005-01-02,11.49
278,2005-01-02,71.45
278,2005-10-27,19.3
278,2005-11-29,14.99
278,2006-03-27,25.74
278,2006-06-12,69.95
278,2006-12-09,101.41
278,2007-02-15,12.99
278,2007-04-01,16.79
279,2005-01-02,10.77
279,2005-09-16,44.73
279,2007-02-16,28.93
280,2005-01-02,28.99
280,2007-07-03,13.97
280,2008-08-11,27.3
280,2009-07-12,54.35
280,2010-08-13,33.72
281,2005-01-02,11.77
282,2005-01-02,10.99
282,2006-11-07,30.98
282,2008-11-03,45.68
282,2010-07-09,15.99
283,2005-01-02,26.73
284,2005-01-02,14.96
284,2005-11-30,25.98
284,2006-04-23,134.9
284,2006-05-11,24.99
284,2006-11-17,37.97
284,2007-08-07,24.47
284,2008-02-04,15.96
284,2008-10-25,12.99
285,2005-01-02,65.64
285,2005-08-08,10.77
285,2005-11-06,29.92
285,2006-06-22,15.36
286,2005-01-02,12.49
287,2005-01-02,33.96
287,2005-05-20,12.49
287,2005-06-07,19.99
287,2005-08-24,14.99
287,2005-10-11,14.87
287,2005-10-23,26.73
287,2005-11-25,95.43
287,2006-04-29,12.49
287,2006-10-17,28.93
287,2006-10-21,12.99
287,2006-11-26,11.49
287,2007-03-29,89.43
287,2008-01-12,40.97
287,2008-06-11,68.77
287,2009-06-17,14.37
287,2009-08-18,13.97
287,2009-12-11,11.77
287,2010-11-06,23.98
288,2005-01-02,13.97
288,2005-10-10,32.94
288,2005-11-30,12.25
288,2006-11-16,23.98
288,2007-09-30,34.97
289,2005-01-02,14.37
290,2005-01-02,31.8
290,2005-08-21,13.97
290,2010-10-07,63.48
291,2005-01-02,81.41
291,2005-03-02,14.49
292,2005-01-02,18.99
292,2005-09-19,98.5
292,2005-11-27,140.68
292,2007-06-15,49.91
292,2007-10-09,20.98
292,2008-01-20,14.96
292,2008-01-24,14.49
293,2005-01-02,36.33
293,2005-06-02,15.49
293,2005-07-08,41.9
293,2006-06-04,18.48
293,2008-01-15,10.98
293,2008-02-23,68.45
293,2008-08-05,37.48
293,2009-06-08,72.31
294,2005-01-02,14.79
294,2006-06-06,15.76
294,2006-07-19,12.77
294,2006-11-28,15.36
294,2008-09-26,35.97
294,2009-04-11,19.98
294,2009-08-16,49.96
294,2009-12-10,13.96
294,2010-05-13,91.73
295,2005-01-02,38.51
296,2005-01-02,9.98
296,2005-11-18,14.99
296,2006-05-19,46.28
296,2006-12-13,14.37
296,2007-07-14,39.48
296,2007-11-18,39.47
296,2008-06-16,37.54
296,2009-05-30,17.76
296,2010-08-16,25.98
297,2005-01-02,29.76
298,2005-01-02,323.68
298,2007-07-27,12.77
298,2009-12-27,151.98
299,2005-01-02,90.41
299,2005-05-08,13.97
300,2005-01-02,12.99
301,2005-01-02,27.48
302,2005-01-02,26.73
303,2005-01-02,15.36
304,2005-01-02,51.11
304,2006-08-14,13.99
304,2007-02-09,31.51
304,2008-11-30,13.97
305,2005-01-02,87.04
306,2005-01-02,8.77
306,2005-01-17,292.66
306,2005-06-03,28.47
306,2007-03-01,8.77
306,2007-06-15,19.54
306,2007-07-16,10.77
306,2008-01-06,6.49
306,2008-10-31,14.99
306,2009-01-10,13.97
306,2009-01-26,11.77
306,2009-03-17,14.37
306,2009-11-22,30.33
306,2010-07-01,15.96
306,2010-12-13,12.77
307,2005-01-02,27
307,2005-02-02,20.95
307,2005-06-23,29.16
308,2005-01-02,19.54
308,2005-10-12,32.98
308,2005-10-25,28.47
308,2006-05-01,9.49
308,2006-09-19,14.79
309,2005-01-02,62.45
310,2005-01-02,42.47
310,2005-10-16,52.54
310,2005-12-03,30.97
310,2005-12-09,77.94
310,2006-04-11,26.74
310,2006-04-15,60.84
310,2006-09-19,37.65
310,2007-01-20,12.77
310,2007-02-08,33.37
310,2007-04-02,24.48
310,2007-05-12,29.92
310,2007-07-01,15.49
310,2007-10-11,12.99
310,2008-03-20,39.93
310,2008-06-26,65.8
310,2008-11-13,26.94
310,2009-04-08,23.54
310,2010-04-30,14.96
310,2010-08-11,36.73
310,2010-11-07,50.87
310,2010-11-20,101.94
311,2005-01-02,41.68
311,2005-01-09,14.97
311,2005-04-23,14.99
311,2005-05-03,8.77
311,2005-08-26,34.9
312,2005-01-02,15.36
312,2005-11-02,28.37
312,2006-01-14,46.08
312,2006-09-08,9.77
312,2006-10-30,42.48
313,2005-01-02,151.77
314,2005-01-02,13.97
314,2005-08-09,9.49
314,2008-11-03,13.97
314,2009-06-17,33.38
315,2005-01-02,19.77
315,2005-02-17,27.98
316,2005-01-02,14.79
316,2005-10-23,15.96
316,2007-10-11,30.36
316,2008-01-02,29.99
317,2005-01-02,13.97
317,2005-01-03,12.49
317,2005-03-02,42.69
317,2005-04-15,24.94
317,2005-06-02,54.97
317,2006-01-23,66.84
317,2006-09-16,22.54
317,2006-11-20,12.97
318,2005-01-02,230.3
318,2006-02-15,84.39
319,2005-01-02,131.07
319,2006-10-27,86.43
319,2007-08-29,11.49
320,2005-01-02,246.51
321,2005-01-02,48.6
321,2005-03-22,61.11
322,2005-01-02,18.75
322,2005-05-11,15.49
322,2005-06-12,21.49
322,2005-07-01,11.77
322,2005-07-19,19.99
322,2006-03-17,50.67
322,2006-06-11,43.5
322,2006-10-07,29.77
322,2006-11-28,27.13
322,2006-12-21,102.36
322,2007-03-18,43.3
322,2007-04-13,33.51
323,2005-01-02,4.79
323,2005-09-09,15.96
323,2005-10-06,14.99
323,2006-01-31,39.25
323,2007-01-06,46.88
323,2007-02-04,11.77
323,2007-03-19,13.49
323,2008-06-21,9.99
323,2009-11-06,12.77
323,2009-11-17,6.79
324,2005-01-02,13.97
324,2005-05-13,41.31
324,2005-08-25,28.49
324,2005-08-31,20.35
324,2005-12-15,93.97
324,2006-05-13,11.77
324,2007-01-03,27.33
324,2007-09-30,22.99
324,2007-10-13,43.3
324,2007-11-01,12.99
324,2008-12-27,11.58
324,2009-01-03,24.48
324,2009-04-23,120.43
324,2009-10-11,38.47
324,2009-11-17,7.98
324,2010-02-01,14.96
324,2010-06-27,42.48
325,2005-01-02,19.74
325,2006-02-27,16.99
325,2007-03-08,58.46
325,2009-05-18,13.99
325,2009-08-14,79.21
326,2005-01-02,45.47
326,2005-01-27,14.37
326,2005-02-18,38.86
326,2005-04-03,48.94
326,2005-04-24,14.37
326,2005-06-21,26.94
326,2005-06-23,10.77
326,2005-09-04,43.34
326,2005-10-17,88.18
326,2005-11-09,79.2
326,2005-12-04,64.74
327,2005-01-02,15.76
327,2005-02-16,34.74
327,2005-07-05,64.45
327,2005-07-31,9.77
327,2005-08-01,65.97
327,2005-08-22,53.29
327,2005-11-16,32.47
327,2006-02-24,27.98
328,2005-01-02,13.77
328,2005-04-04,28.7
328,2005-09-23,33.72
328,2006-06-10,12.99
328,2006-11-28,57.5
328,2007-04-23,118.23
329,2005-01-02,121.15
329,2005-10-01,74.73
329,2006-09-07,51.67
330,2005-01-02,37.71
330,2005-05-26,71.63
330,2005-11-29,92.81
330,2005-12-19,9.58
331,2005-01-02,41.47
332,2005-01-02,9.49
332,2006-01-11,11.77
332,2006-04-07,29.06
332,2006-10-01,35.48
332,2006-12-06,40.98
332,2007-03-27,53.46
332,2007-04-08,19.95
332,2007-08-23,43.13
332,2008-05-11,15.38
332,2009-09-07,35.93
332,2010-03-24,62.58
332,2010-04-09,132.67
332,2010-11-10,43.89
333,2005-01-02,59.54
334,2005-01-02,14.79
335,2005-01-02,15.36
336,2005-01-02,42.71
336,2005-11-20,30.36
336,2006-11-06,43.47
336,2007-01-09,17.7
336,2007-11-27,12.77
336,2008-08-09,12.99
337,2005-01-02,70.42
337,2005-12-07,12.25
338,2005-01-02,24.98
338,2005-01-14,43.09
338,2005-04-08,21.49
339,2005-01-02,29.33
339,2005-02-06,29.73
339,2005-12-18,12.97
340,2005-01-02,31.05
341,2005-01-02,43.69
341,2005-02-15,31.35
341,2005-05-09,9.98
341,2005-11-15,14.37
341,2008-11-22,35.47
341,2010-10-16,47.46
341,2010-10-17,29.33
342,2005-01-02,90.96
342,2006-12-11,9.97
342,2007-02-11,21.49
342,2007-03-16,13.99
342,2008-02-21,95.2
342,2008-09-05,12.49
342,2008-10-21,11.77
342,2008-11-26,29.66
342,2009-10-27,20.75
343,2005-01-02,53.98
344,2005-01-02,13.99
345,2005-01-02,55.1
345,2007-09-04,15.36
346,2005-01-02,52.98
347,2005-01-02,14.99
347,2005-12-03,38.77
347,2006-04-20,23.49
347,2007-01-16,40.53
347,2007-05-19,25.48
347,2009-08-04,66.96
347,2009-10-12,55.27
347,2009-10-14,73.62
347,2010-01-30,17.3
348,2005-01-02,26.14
348,2005-05-02,14.96
348,2005-08-10,39.47
349,2005-01-02,139.7
349,2005-01-12,105.76
350,2005-01-02,11.77
351,2005-01-02,15.99
351,2005-05-19,11.77
351,2005-06-05,77.21
351,2005-08-17,24.97
351,2005-11-02,10.49
351,2005-11-23,29.92
351,2006-01-22,35.99
351,2006-01-29,6.78
351,2006-02-13,152.89
351,2006-02-22,39.91
351,2006-07-07,26.99
351,2006-07-17,15.36
351,2006-07-31,12.97
351,2006-08-04,70.07
351,2006-08-13,59.96
351,2006-08-19,27.98
351,2006-09-07,28.49
352,2005-01-02,11.77
352,2005-05-10,53.96
352,2005-11-30,26.13
352,2006-10-20,11.77
352,2006-12-02,25.97
352,2007-08-27,52.71
352,2007-09-21,36.28
352,2007-10-10,47.41
352,2007-10-19,4.79
353,2005-01-02,17.9
353,2005-06-18,20.54
353,2005-12-10,125.69
353,2006-04-17,12.77
353,2007-02-21,21.76
353,2007-03-10,15.36
353,2007-03-30,9.49
353,2007-07-23,57.51
353,2007-10-25,13.97
354,2005-01-02,29.92
355,2005-01-02,13.99
356,2005-01-02,13.76
356,2005-12-24,38.5
357,2005-01-02,67.57
358,2005-01-02,149.92
358,2008-04-11,11.77
359,2005-01-02,35.95
360,2005-01-02,34.71
360,2005-10-29,72.99
360,2005-12-07,27.14
360,2006-10-29,14.96
361,2005-01-02,14.96
361,2005-02-12,24.48
362,2005-01-02,13.77
362,2005-02-02,16.36
362,2005-09-20,24.9
362,2005-11-13,14.96
362,2006-05-28,53.45
362,2006-09-03,25.48
362,2006-10-19,38.99
362,2006-12-01,21.49
362,2007-04-22,19.98
362,2007-06-11,0
362,2007-06-20,176.86
362,2007-10-29,10.77
362,2007-11-04,12.49
362,2007-11-17,41.11
362,2008-03-01,66.47
362,2008-07-09,25.77
362,2009-01-18,9.98
362,2009-08-24,12.99
362,2009-09-23,24.47
362,2009-09-25,16.48
362,2009-10-09,37.99
362,2010-02-06,38.97
362,2010-02-25,25.74
362,2010-06-19,92.79
362,2010-09-18,25.98
362,2010-11-25,25.74
362,2010-12-12,60.49
363,2005-01-02,79.44
363,2005-02-14,27.47
364,2005-01-02,47.97
364,2006-07-18,25.3
364,2006-08-14,12.58
364,2006-09-20,51.97
364,2007-02-06,53.96
364,2007-06-19,2.99
364,2007-08-31,13.97
364,2007-10-02,13.97
364,2007-11-25,14.96
364,2007-12-04,8.97
364,2008-07-14,11.77
364,2008-11-10,316.76
364,2009-03-26,28.74
364,2009-08-04,59.96
364,2010-08-17,23.76
365,2005-01-02,15.96
365,2005-05-15,46.04
365,2005-10-16,55.08
365,2005-12-17,68.89
365,2007-06-20,30.33
366,2005-01-02,11.77
366,2005-11-19,12.99
367,2005-01-02,24.73
367,2005-01-24,13.97
367,2005-05-09,30.92
367,2006-01-23,83.2
367,2006-04-01,99.93
368,2005-01-02,46.46
369,2005-01-02,78.47
369,2005-05-02,70.33
369,2005-08-30,20.76
369,2005-09-03,29.33
369,2007-05-08,64.42
369,2008-10-10,50.96
369,2008-11-09,17.75
369,2009-01-14,19.3
369,2009-05-25,20.74
370,2005-01-02,75.44
371,2005-01-02,27.94
371,2005-02-20,35.51
371,2005-03-01,22.49
371,2007-06-05,81.94
371,2009-01-16,20.3
371,2009-08-12,10.98
371,2009-11-30,14.96
371,2010-03-17,26.14
371,2010-11-07,15.9
371,2010-11-24,21.77
372,2005-01-02,11.77
372,2005-01-30,29.92
372,2005-10-05,10.49
372,2005-11-08,9.97
372,2005-11-28,44.32
372,2006-04-19,6.79
372,2006-05-19,27.47
372,2006-11-22,15.36
372,2007-06-07,11.77
372,2007-11-17,34.14
372,2007-12-13,19.99
372,2008-02-14,14.99
372,2008-09-01,48.31
372,2009-08-26,28.93
372,2010-04-29,11.49
372,2010-07-03,36.86
373,2005-01-02,15.49
374,2005-01-02,9.98
374,2006-02-25,26.98
375,2005-01-02,56.97
376,2005-01-02,28.98
376,2005-02-19,28.97
377,2005-01-02,58.45
377,2005-09-08,9.99
378,2005-01-02,68.85
379,2005-01-02,25.48
380,2005-01-02,12.77
381,2005-01-02,11.77
381,2005-08-20,14.96
381,2006-01-25,9.99
381,2006-07-04,10.77
381,2007-02-15,14.79
381,2007-03-11,23.54
381,2007-03-14,62.96
381,2008-10-13,182.02
381,2008-12-09,14.96
382,2005-01-02,23.73
383,2005-01-02,11.77
383,2005-05-11,8.97
383,2005-10-16,14.99
383,2006-11-08,57.69
384,2005-01-02,95.94
384,2005-07-15,53.54
384,2005-07-16,23.74
384,2005-10-06,12.99
384,2006-03-21,29.98
384,2006-05-01,44.47
384,2006-10-27,72.85
384,2006-11-10,12.49
384,2008-02-14,11.77
384,2008-02-27,6.79
384,2009-01-18,12.77
384,2010-10-12,9.77
385,2005-01-02,44.88
385,2005-02-10,2.99
385,2005-03-23,47.97
385,2005-03-31,14.49
386,2005-01-02,27.94
387,2005-01-02,24.49
387,2005-01-16,28.74
387,2005-05-28,24.99
387,2006-02-04,50.28
387,2006-06-25,26.73
388,2005-01-02,18.64
388,2007-08-17,54.27
388,2007-12-04,33.7
388,2009-02-14,42.36
388,2009-06-01,21.74
388,2009-06-03,51.35
388,2009-09-07,37.9
388,2009-10-10,23.98
389,2005-01-02,14.99
389,2005-10-20,121.05
389,2006-10-17,11.77
389,2006-11-05,162.04
389,2007-07-10,30.72
389,2008-06-08,58.28
389,2008-08-05,89.47
389,2009-03-20,26.98
389,2009-06-17,11.77
389,2010-01-31,255.35
389,2010-04-05,12.99
390,2005-01-02,50.97
390,2005-04-15,50.74
390,2005-08-26,38.97
391,2005-01-02,5.78
391,2005-01-05,65.99
391,2005-05-16,58.06
391,2005-09-20,6.77
391,2006-10-23,19.56
391,2007-09-03,53.96
391,2007-12-11,22.97
391,2009-12-03,9.49
391,2010-03-02,23.76
392,2005-01-02,37.51
392,2006-02-09,39.51
393,2005-01-02,16
394,2005-01-02,16.7
394,2005-03-09,17.76
394,2005-11-13,29.92
394,2006-06-26,34
394,2006-08-26,23.99
395,2005-01-02,29.92
395,2005-03-07,89.2
395,2005-07-13,39.97
395,2006-09-11,27.13
395,2006-11-11,22.96
395,2007-03-13,11.77
395,2007-06-03,25.49
395,2007-10-15,493.91
395,2007-12-22,24.74
395,2008-06-18,13.97
395,2008-09-05,46.08
395,2008-11-02,15.36
395,2009-05-30,11.77
395,2009-08-02,57.46
395,2009-11-27,1554.58
396,2005-01-02,37.98
396,2008-12-17,12.99
397,2005-01-02,140.93
397,2005-01-16,170.9
397,2005-10-05,35.97
397,2005-12-27,11.49
397,2006-01-09,27.98
397,2006-01-28,13.97
397,2007-10-21,34.95
397,2008-02-07,62.85
397,2008-11-14,15.36
398,2005-01-02,86.79
398,2005-08-17,111.49
398,2005-08-18,85.01
398,2006-05-24,16.49
398,2006-09-29,14.99
398,2006-11-09,106.1
398,2008-10-14,14.49
398,2009-03-26,23.54
398,2009-11-08,22.97
399,2005-01-02,27.94
399,2005-04-14,23.94
399,2005-11-25,11.97
400,2005-01-02,61.05
400,2007-01-01,44.97
400,2007-03-21,16.77
400,2007-09-28,32.37
401,2005-01-02,31.97
401,2005-01-16,14.49
401,2005-03-31,26.94
401,2005-04-12,43.97
401,2005-05-15,30.73
402,2005-01-02,15.49
402,2005-04-10,70.62
402,2005-06-17,11.77
402,2005-12-02,13.97
402,2006-11-22,11.49
402,2006-11-23,12.49
403,2005-01-02,38.97
403,2005-08-03,28.48
403,2006-10-20,21.48
403,2006-11-20,26.98
403,2008-04-23,77.24
404,2005-01-02,29.47
404,2006-11-02,26.48
404,2007-06-02,95.95
404,2007-06-28,14.96
404,2008-01-16,12.49
404,2008-06-13,10.77
404,2008-12-29,13.77
404,2009-02-04,38.07
405,2005-01-02,85.42
405,2005-01-18,29.48
405,2005-11-04,18.49
405,2005-11-05,128.13
405,2005-11-09,9.49
405,2006-01-18,9.97
405,2006-04-02,56.94
405,2006-09-02,14.37
405,2007-03-05,29.92
405,2007-04-10,18.52
405,2007-05-30,12.77
405,2007-06-14,22.98
405,2007-09-19,24.48
405,2007-09-27,12.49
405,2007-10-28,93.24
405,2007-11-07,23.94
405,2008-12-23,54.73
405,2010-04-11,28.74
406,2005-01-02,12.99
406,2005-04-04,30.48
407,2005-01-02,29.33
407,2005-02-18,24.54
407,2005-03-22,55.32
407,2005-03-28,23.98
407,2005-06-03,14.99
408,2005-01-02,69.55
408,2005-03-07,32.98
408,2005-03-31,48.46
408,2005-05-27,59.16
408,2006-03-04,14.37
408,2006-08-08,47.52
408,2006-10-30,43.48
408,2007-05-14,28.48
408,2007-06-18,65.63
408,2007-10-03,12.49
408,2007-10-05,12.99
408,2008-12-15,45.49
408,2009-01-01,29.13
408,2009-03-27,25.56
408,2009-09-03,52.63
408,2010-06-16,31.78
408,2010-06-19,28.34
409,2005-01-02,31.03
410,2005-01-02,26.73
410,2005-01-04,21.56
410,2005-11-08,14.79
410,2006-08-15,12.99
410,2006-12-07,15.49
410,2007-03-17,83.44
410,2007-04-08,7.78
410,2007-09-02,28.74
410,2007-10-01,155.8
410,2007-10-07,20.99
410,2007-11-04,26.3
410,2007-12-24,23.98
410,2008-02-29,69.45
410,2008-04-01,37.26
410,2008-07-18,7.78
410,2008-07-27,22.15
410,2008-11-01,77.42
410,2008-11-29,13.77
410,2008-11-30,12.49
410,2009-01-17,27.98
410,2010-03-15,11.88
410,2010-11-23,35.31
411,2005-01-02,63.86
412,2005-01-02,36.73
412,2005-05-30,13.97
412,2005-06-12,12.49
412,2005-10-04,48.88
412,2005-10-24,21.54
413,2005-01-02,38.7
413,2005-10-29,8
413,2005-12-22,14.37
413,2007-12-04,22.48
413,2008-02-03,27.56
413,2008-04-21,24.74
413,2008-08-06,46.47
413,2009-07-29,12.49
413,2009-10-22,12.97
413,2009-10-31,9.49
413,2010-12-06,24.99
414,2005-01-02,17.99
414,2005-11-21,14.96
414,2005-11-24,13.97
414,2006-04-23,21.47
414,2006-09-01,14.99
414,2006-10-17,11.77
414,2006-12-03,59.28
415,2005-01-02,12.77
416,2005-01-02,14.99
417,2005-01-02,47.97
417,2005-03-02,16.36
417,2006-10-05,224.28
417,2007-08-26,12.97
417,2007-09-04,24.98
417,2007-12-02,28.49
417,2007-12-17,33.14
417,2008-07-29,42.49
417,2009-02-05,2.99
418,2005-01-02,12.99
418,2005-05-15,13.99
418,2005-10-23,52.63
418,2007-03-21,42.97
418,2008-05-11,19.56
419,2005-01-02,17.9
419,2006-02-06,129.98
419,2006-03-30,14.37
419,2006-07-13,56.47
419,2006-07-15,14.96
419,2006-09-25,25.37
419,2006-10-24,11.77
419,2006-10-26,29.98
419,2007-04-24,29.96
419,2007-09-26,93.57
419,2008-06-07,4.79
419,2008-06-26,5.79
419,2008-07-01,73.02
419,2008-11-16,15.36
419,2009-02-25,7.49
419,2009-06-28,15.49
419,2009-07-26,4.79
419,2010-03-24,87.4
419,2010-06-15,11.77
419,2010-10-11,14.96
419,2010-11-07,23.76
420,2005-01-02,40.7
420,2005-01-16,31.13
420,2005-03-01,43.89
420,2005-03-06,15.49
420,2005-03-12,20.55
421,2005-01-02,29.33
421,2005-01-21,50.94
422,2005-01-02,51.96
422,2005-02-18,42.97
422,2005-09-01,10.97
422,2005-09-09,22.74
423,2005-01-02,25.16
423,2005-05-10,31.14
424,2005-01-02,51.15
424,2005-09-04,15.36
424,2006-06-26,11.77
424,2006-10-08,38.9
424,2006-11-11,27.94
424,2006-12-26,44.88
424,2007-03-15,28.48
424,2007-12-28,60.23
424,2009-06-10,28.48
424,2009-07-13,40.7
424,2009-10-16,59.74
424,2009-12-09,29.37
424,2010-11-16,13.97
425,2005-01-02,37.96
426,2005-01-02,29.27
426,2005-03-08,90.2
426,2005-04-13,14.96
426,2005-05-29,14.96
426,2005-06-04,12.99
426,2005-06-13,13.97
426,2005-08-17,58.95
426,2005-10-12,15.36
426,2006-09-11,43.94
426,2006-10-14,14.96
426,2007-03-14,26.77
426,2007-03-29,51.68
426,2007-12-30,15.49
426,2008-04-15,9.99
426,2008-08-12,42.47
426,2008-10-19,63.85
426,2009-08-09,13.49
426,2009-10-26,157.86
426,2010-08-04,33.76
426,2010-09-05,78.98
427,2005-01-02,26.48
428,2005-01-02,15.56
428,2005-03-24,11.77
428,2006-11-16,14.79
429,2005-01-02,4.79
430,2005-01-02,33.4
430,2005-06-08,25.74
430,2005-07-31,23.54
430,2005-08-03,35.31
431,2005-01-02,26.87
432,2005-01-02,35.51
432,2005-02-09,46.48
433,2005-01-02,45.88
433,2005-02-03,22.96
433,2005-05-03,57.1
433,2005-05-09,19.49
433,2006-07-14,14.96
433,2006-11-19,101.82
433,2007-04-02,31.98
433,2008-02-08,13.97
433,2008-07-20,79.94
433,2009-04-27,15.49
434,2005-01-02,23.98
434,2005-08-28,75.53
434,2005-10-29,16.31
434,2007-11-12,14.42
434,2008-07-12,14.96
434,2008-11-14,27.55
434,2008-11-18,11.49
434,2009-02-02,71.45
434,2009-07-20,19.3
434,2009-10-06,14.99
434,2010-04-03,25.74
434,2010-11-05,69.95
434,2010-12-15,101.41
435,2005-01-02,12.99
435,2005-07-19,16.79
435,2005-12-04,10.77
435,2006-02-14,44.73
435,2007-01-14,28.93
435,2007-09-30,28.99
435,2008-04-02,13.97
435,2008-10-16,27.3
435,2009-02-21,54.35
435,2009-03-29,33.72
435,2009-05-08,11.77
435,2009-05-27,10.99
435,2010-03-20,30.98
436,2005-01-02,45.68
436,2005-08-05,15.99
436,2005-08-21,26.73
437,2005-01-02,14.96
438,2005-01-02,25.98
438,2005-04-14,134.9
438,2005-06-09,24.99
438,2005-10-18,37.97
438,2005-10-25,24.47
438,2005-12-25,15.96
438,2006-12-03,12.99
438,2007-05-18,65.64
438,2007-10-25,10.77
438,2008-08-24,29.92
438,2008-08-26,15.36
438,2008-10-21,12.49
438,2009-01-06,33.96
438,2010-07-07,12.49
438,2010-12-07,230.3
439,2005-01-02,230.3
440,2005-01-02,84.39
440,2005-02-22,131.07
440,2005-08-03,86.43
440,2006-06-06,11.49
440,2007-10-02,246.51
441,2005-01-02,48.6
441,2005-01-21,61.11
441,2005-03-21,18.75
441,2005-05-06,15.49
441,2005-07-13,21.49
441,2005-12-30,11.77
441,2006-01-22,19.99
441,2006-03-19,50.67
441,2006-06-03,43.5
441,2006-06-09,29.77
441,2006-10-11,27.13
441,2006-11-07,102.36
441,2006-11-29,43.3
441,2006-12-08,33.51
441,2007-05-03,4.79
441,2007-08-12,15.96
441,2007-11-26,14.99
441,2008-03-02,39.25
441,2008-05-12,46.88
441,2008-07-30,11.77
441,2008-08-25,13.49
441,2008-09-24,9.99
441,2009-01-07,12.77
441,2009-07-29,6.79
441,2009-08-04,13.97
441,2009-08-25,41.31
441,2009-09-22,28.49
441,2009-10-15,20.35
441,2010-07-12,93.97
441,2010-07-25,11.77
441,2010-08-08,27.33
441,2010-08-22,22.99
441,2010-12-06,43.3
442,2005-01-02,12.99
442,2005-07-28,11.58
442,2005-07-31,24.48
442,2006-10-24,120.43
442,2006-11-16,38.47
442,2006-12-05,7.98
442,2007-02-07,14.96
442,2007-12-06,42.48
442,2008-06-01,19.74
442,2008-06-02,16.99
442,2008-07-11,58.46
442,2009-04-12,13.99
442,2009-06-15,79.21
442,2009-06-19,45.47
442,2009-08-15,14.37
442,2010-06-25,38.86
442,2010-10-27,48.94
443,2005-01-02,14.37
444,2005-01-02,26.94
445,2005-01-02,10.77
445,2005-03-01,43.34
445,2005-06-04,88.18
445,2006-02-20,79.2
446,2005-01-02,64.74
447,2005-01-02,15.76
448,2005-01-02,34.74
449,2005-01-02,64.45
449,2009-10-08,9.77
450,2005-01-02,65.97
450,2005-01-29,53.29
450,2006-06-11,32.47
450,2006-10-23,27.98
450,2007-06-12,13.77
450,2007-09-04,28.7
450,2007-12-24,33.72
450,2008-01-02,12.99
450,2008-06-18,57.5
450,2008-10-09,118.23
450,2008-10-25,121.15
450,2008-11-18,74.73
450,2008-12-22,51.67
450,2009-03-23,37.71
450,2009-10-18,71.63
450,2009-11-05,92.81
450,2009-11-27,9.58
450,2010-01-30,41.47
450,2010-03-14,9.49
450,2010-05-18,11.77
450,2010-07-17,29.06
450,2010-10-09,35.48
450,2010-10-16,40.98
451,2005-01-02,53.46
451,2006-01-19,19.95
451,2006-10-25,43.13
451,2006-11-06,15.38
451,2007-05-29,35.93
452,2005-01-02,62.58
453,2005-01-02,132.67
453,2005-03-26,43.89
453,2005-09-03,59.54
453,2005-11-03,14.79
453,2005-11-29,15.36
453,2005-12-07,42.71
453,2006-01-21,30.36
453,2006-01-27,43.47
454,2005-01-02,17.7
454,2005-03-13,12.77
454,2005-04-20,12.99
454,2005-05-28,70.42
454,2006-05-08,12.25
454,2006-08-15,24.98
454,2006-11-23,43.09
454,2007-03-10,21.49
454,2007-07-26,29.33
454,2007-11-07,29.73
454,2008-03-19,12.97
454,2008-07-02,31.05
454,2008-08-15,43.69
454,2008-10-18,31.35
454,2008-10-23,9.98
454,2008-11-26,14.37
454,2008-12-03,35.47
454,2009-03-22,47.46
454,2009-04-25,29.33
454,2009-05-04,90.96
454,2009-09-07,9.97
454,2009-11-15,21.49
454,2010-06-05,13.99
454,2010-06-22,95.2
454,2010-07-06,12.49
454,2010-09-10,11.77
454,2010-12-11,29.66
455,2005-01-02,20.75
455,2005-01-30,53.98
455,2005-10-11,13.99
455,2006-06-16,55.1
456,2005-01-02,15.36
456,2005-07-23,52.98
456,2006-07-02,14.99
456,2007-12-17,38.77
456,2008-03-25,23.49
456,2008-10-05,40.53
456,2008-10-28,25.48
456,2009-10-25,66.96
457,2005-01-02,55.27
457,2005-07-14,73.62
458,2005-01-02,17.3
458,2005-05-10,26.14
458,2005-08-09,14.96
458,2006-02-21,39.47
458,2006-10-01,139.7
458,2006-11-09,105.76
458,2007-10-29,11.77
458,2008-02-17,15.99
459,2005-01-02,11.77
460,2005-01-02,77.21
461,2005-01-02,24.97
461,2005-02-18,10.49
461,2005-05-20,29.92
461,2005-10-04,35.99
461,2005-12-29,6.78
461,2006-01-02,152.89
461,2006-03-13,39.91
462,2005-01-02,26.99
462,2005-03-03,15.36
462,2005-06-21,12.97
462,2005-09-14,70.07
462,2005-10-06,59.96
462,2006-01-21,27.98
462,2006-02-07,28.49
462,2006-10-15,11.77
462,2007-05-30,53.96
462,2008-03-27,26.13
462,2008-04-09,11.77
462,2008-12-15,25.97
462,2009-03-20,52.71
462,2009-05-03,36.28
462,2009-07-16,47.41
462,2009-08-28,4.79
462,2010-01-03,17.9
463,2005-01-02,20.54
463,2008-02-18,125.69
463,2008-06-11,12.77
464,2005-01-02,21.76
464,2005-02-22,15.36
464,2005-03-11,9.49
464,2005-06-10,57.51
464,2005-06-27,13.97
464,2005-08-09,29.92
464,2005-10-02,13.99
464,2005-10-03,13.76
464,2005-10-13,38.5
464,2005-12-23,67.57
464,2006-03-24,149.92
464,2006-04-22,11.77
464,2006-05-25,35.95
465,2005-01-02,34.71
465,2005-08-02,72.99
465,2006-05-02,27.14
465,2006-11-19,14.96
465,2006-12-02,14.96
465,2007-07-31,24.48
465,2007-11-03,13.77
465,2007-11-13,16.36
465,2008-04-17,24.9
465,2008-09-12,14.96
465,2008-12-29,53.45
465,2009-01-01,25.48
465,2009-08-05,38.99
466,2005-01-02,21.49
466,2005-04-24,19.98
467,2005-01-02,0
467,2006-09-04,176.86
468,2005-01-02,10.77
468,2005-01-24,12.49
468,2006-03-17,41.11
469,2005-01-02,66.47
469,2005-02-12,25.77
469,2006-09-23,9.98
469,2007-12-30,12.99
469,2008-06-18,24.47
469,2008-09-20,16.48
469,2008-10-06,37.99
469,2009-03-09,38.97
469,2009-11-18,25.74
469,2009-12-22,92.79
469,2010-01-08,25.98
469,2010-06-03,25.74
469,2010-11-05,60.49
470,2005-01-02,79.44
470,2007-12-07,27.47
471,2005-01-02,47.97
472,2005-01-02,25.3
472,2005-03-29,12.58
472,2005-08-03,51.97
473,2005-01-02,53.96
474,2005-01-02,2.99
474,2005-02-09,13.97
475,2005-01-02,13.97
475,2005-01-03,14.96
475,2005-05-08,8.97
475,2005-05-31,11.77
475,2005-10-04,316.76
475,2005-12-03,28.74
475,2006-01-03,59.96
475,2006-06-25,23.76
475,2006-08-12,15.96
476,2005-01-02,46.04
476,2007-02-08,55.08
477,2005-01-02,68.89
477,2005-01-12,30.33
477,2005-12-08,11.77
477,2006-02-07,12.99
478,2005-01-02,24.73
478,2005-04-01,13.97
478,2005-05-02,30.92
479,2005-01-02,83.2
480,2005-01-02,99.93
481,2005-01-02,46.46
482,2005-01-02,78.47
482,2007-11-21,70.33
482,2010-11-10,20.76
483,2005-01-02,29.33
483,2006-06-12,64.42
484,2005-01-02,50.96
484,2005-04-22,17.75
484,2007-05-13,19.3
484,2007-09-01,20.74
484,2008-03-15,75.44
484,2008-12-12,27.94
484,2009-05-17,35.51
484,2009-09-22,22.49
484,2010-07-26,81.94
485,2005-01-02,20.3
485,2005-02-10,10.98
485,2006-08-14,14.96
485,2006-08-30,26.14
485,2008-02-02,15.9
485,2009-06-07,21.77
485,2009-07-02,11.77
485,2009-10-12,29.92
486,2005-01-02,10.49
486,2005-10-16,9.97
486,2005-12-02,44.32
486,2007-02-07,6.79
486,2008-07-03,27.47
486,2008-09-17,15.36
486,2008-11-15,11.77
486,2009-06-12,34.14
486,2009-08-22,19.99
486,2009-12-10,14.99
486,2009-12-17,48.31
487,2005-01-02,28.93
487,2005-01-27,11.49
487,2005-03-04,36.86
487,2005-06-14,15.49
488,2005-01-02,9.98
489,2005-01-02,26.98
489,2005-02-15,56.97
489,2005-05-02,28.98
489,2005-07-11,28.97
489,2005-07-15,58.45
489,2005-07-18,9.99
490,2005-01-02,68.85
491,2005-01-02,25.48
491,2005-05-19,12.77
492,2005-01-02,11.77
492,2008-03-02,14.96
492,2009-07-06,9.99
492,2010-06-06,10.77
492,2010-10-17,14.79
493,2005-01-02,23.54
494,2005-01-02,62.96
494,2005-06-16,182.02
495,2005-01-02,14.96
496,2005-01-02,23.73
496,2005-01-29,11.77
496,2005-12-08,8.97
496,2006-02-03,14.99
496,2006-10-26,57.69
496,2008-08-07,95.94
496,2009-01-08,53.54
496,2010-03-05,23.74
497,2005-01-02,12.99
497,2005-02-13,29.98
497,2005-03-07,44.47
497,2005-09-28,72.85
497,2005-10-14,12.49
497,2005-11-01,11.77
497,2006-08-03,6.79
498,2005-01-02,12.77
498,2005-09-27,9.77
499,2005-01-02,44.88
499,2008-03-21,2.99
499,2009-12-02,47.97
500,2005-01-02,14.49
500,2009-06-11,27.94
500,2010-03-08,24.49
500,2010-05-06,28.74
501,2005-01-02,24.99
502,2005-01-02,50.28
502,2005-02-18,26.73
502,2005-04-24,18.64
502,2005-05-11,54.27
503,2005-01-02,33.7
503,2005-04-16,42.36
503,2008-02-02,21.74
504,2005-01-02,51.35
504,2005-03-07,37.9
504,2005-06-05,23.98
504,2006-03-08,14.99
504,2006-06-16,121.05
504,2006-08-29,11.77
504,2006-10-15,162.04
504,2007-03-03,30.72
504,2008-04-08,58.28
504,2008-06-27,89.47
504,2008-11-20,26.98
504,2009-05-31,11.77
504,2010-03-22,255.35
504,2010-10-16,12.99
505,2005-01-02,50.97
506,2005-01-02,50.74
506,2005-08-21,38.97
506,2005-11-24,5.78
506,2006-05-31,65.99
506,2006-11-29,58.06
506,2008-07-04,6.77
506,2008-07-06,19.56
506,2008-08-04,53.96
506,2008-10-16,22.97
507,2005-01-02,9.49
507,2005-06-04,23.76
507,2005-09-05,37.51
507,2006-04-01,39.51
508,2005-01-02,16
509,2005-01-02,16.7
509,2005-10-16,17.76
509,2006-05-09,29.92
509,2007-09-03,34
509,2009-10-03,23.99
509,2009-10-31,29.92
509,2009-11-09,89.2
509,2010-07-05,39.97
509,2010-07-11,27.13
509,2010-12-05,22.96
510,2005-01-02,11.77
510,2006-01-08,25.49
510,2006-09-24,493.91
510,2008-10-11,24.74
510,2008-10-11,13.97
511,2005-01-02,46.08
511,2006-01-21,15.36
511,2006-02-13,11.77
512,2005-01-02,57.46
513,2005-01-02,1554.58
513,2005-02-27,37.98
513,2005-04-20,12.99
513,2007-12-11,140.93
514,2005-01-02,170.9
515,2005-01-02,35.97
515,2005-05-13,11.49
515,2006-03-07,27.98
516,2005-01-02,13.97
517,2005-01-02,34.95
517,2007-01-12,62.85
517,2007-05-18,15.36
517,2008-01-01,86.79
517,2008-04-22,111.49
517,2008-08-24,85.01
517,2010-02-14,16.49
518,2005-01-02,14.99
518,2006-01-04,106.1
518,2006-02-24,14.49
518,2006-05-13,23.54
518,2006-05-29,22.97
518,2006-08-08,27.94
518,2006-08-18,23.94
518,2007-06-22,11.97
518,2007-09-03,61.05
518,2007-12-01,44.97
518,2008-02-28,16.77
518,2008-05-15,32.37
518,2009-02-27,31.97
518,2009-06-02,14.49
518,2009-07-27,26.94
518,2009-12-29,43.97
518,2010-11-21,30.73
519,2005-01-02,15.49
519,2005-01-22,70.62
519,2005-03-10,11.77
520,2005-01-02,13.97
520,2005-02-12,11.49
520,2005-03-21,12.49
520,2005-05-10,38.97
521,2005-01-02,28.48
521,2006-12-03,21.48
521,2007-04-30,26.98
521,2008-10-30,77.24
521,2008-12-25,29.47
522,2005-01-02,26.48
522,2005-05-29,95.95
522,2005-07-20,14.96
522,2005-11-07,12.49
522,2006-06-04,10.77
522,2006-10-18,13.77
522,2007-06-17,38.07
522,2007-10-01,85.42
522,2007-12-06,29.48
522,2009-02-25,18.49
522,2009-07-09,128.13
522,2009-12-01,9.49
522,2010-03-18,9.97
522,2010-11-03,56.94
522,2010-11-27,14.37
523,2005-01-02,29.92
524,2005-01-02,18.52
525,2005-01-02,12.77
525,2005-10-15,22.98
526,2005-01-02,24.48
527,2005-01-02,12.49
527,2008-08-20,93.24
527,2008-10-27,23.94
528,2005-01-02,54.73
528,2005-01-03,28.74
528,2006-10-15,12.99
529,2005-01-02,30.48
530,2005-01-02,29.33
530,2006-05-28,24.54
531,2005-01-02,55.32
531,2005-06-25,23.98
531,2005-07-09,14.99
531,2005-11-16,69.55
531,2005-12-19,32.98
531,2006-02-08,48.46
531,2006-10-01,59.16
531,2007-01-31,14.37
531,2007-04-21,47.52
531,2007-06-15,43.48
531,2007-07-10,28.48
531,2007-09-30,65.63
531,2007-11-15,12.49
531,2007-12-19,12.99
531,2008-03-06,45.49
531,2008-10-15,29.13
531,2008-11-05,25.56
531,2008-11-14,52.63
531,2009-03-10,31.78
531,2009-06-10,28.34
531,2009-06-22,31.03
531,2009-06-23,26.73
531,2009-07-17,21.56
531,2010-04-15,14.79
531,2010-05-07,12.99
531,2010-05-21,15.49
531,2010-12-16,83.44
532,2005-01-02,7.78
533,2005-01-02,28.74
533,2005-07-28,155.8
533,2006-02-02,20.99
533,2008-12-28,26.3
534,2005-01-02,23.98
534,2005-05-04,69.45
534,2005-08-04,37.26
534,2005-11-13,7.78
534,2006-02-23,22.15
534,2006-08-18,77.42
534,2006-10-31,13.77
534,2007-02-09,12.49
534,2007-05-13,27.98
534,2007-12-30,11.88
534,2009-03-10,35.31
534,2010-04-30,63.86
534,2010-05-21,36.73
534,2010-12-20,13.97
535,2005-01-02,12.49
535,2005-01-19,48.88
535,2005-02-06,21.54
535,2005-02-28,38.7
535,2005-04-10,8
535,2005-10-05,14.37
535,2005-11-24,22.48
535,2005-12-25,27.56
535,2006-01-20,24.74
535,2006-08-27,46.47
535,2006-10-12,12.49
535,2007-01-31,12.97
535,2007-05-21,9.49
535,2008-02-01,24.99
535,2008-03-17,17.99
535,2008-03-21,14.96
535,2008-04-12,13.97
535,2008-04-17,21.47
535,2008-07-28,14.99
535,2008-10-24,11.77
535,2008-12-09,59.28
535,2009-07-13,12.77
535,2009-10-13,14.99
535,2009-12-09,47.97
535,2010-06-23,16.36
536,2005-01-02,224.28
536,2005-02-14,12.97
536,2005-03-17,24.98
537,2005-01-02,28.49
538,2005-01-02,33.14
538,2005-04-28,42.49
538,2005-06-04,2.99
538,2005-10-30,12.99
538,2005-11-14,13.99
539,2005-01-02,52.63
539,2007-03-09,42.97
539,2007-11-07,19.56
539,2008-11-14,17.9
539,2008-11-17,129.98
539,2009-06-20,14.37
539,2010-01-04,56.47
539,2010-02-17,14.96
540,2005-01-02,25.37
540,2005-04-19,11.77
541,2005-01-02,29.98
541,2005-03-05,29.96
541,2005-07-24,93.57
541,2005-11-05,4.79
541,2005-11-14,5.79
541,2006-10-08,73.02
541,2006-10-24,15.36
541,2006-12-08,7.49
541,2007-03-17,15.49
541,2007-04-22,4.79
541,2007-07-07,87.4
541,2007-07-14,11.77
541,2007-12-05,14.96
541,2008-01-14,23.76
541,2008-04-26,40.7
541,2008-06-16,31.13
541,2008-08-15,43.89
541,2008-08-21,15.49
541,2008-09-14,20.55
541,2008-10-22,29.33
541,2008-10-29,50.94
541,2008-11-07,51.96
541,2009-02-18,42.97
541,2009-03-10,10.97
541,2009-05-17,22.74
541,2010-01-13,25.16
542,2005-01-02,31.14
542,2006-05-20,51.15
543,2005-01-02,15.36
543,2007-09-14,11.77
543,2008-06-12,38.9
544,2005-01-02,27.94
545,2005-01-02,44.88
545,2005-04-10,28.48
545,2006-06-08,60.23
546,2005-01-02,28.48
546,2005-03-12,40.7
546,2006-06-21,59.74
546,2008-04-25,29.37
547,2005-01-02,13.97
547,2005-05-24,37.96
547,2005-07-12,29.27
548,2005-01-02,90.2
549,2005-01-02,14.96
550,2005-01-02,14.96
550,2005-04-03,12.99
550,2006-02-24,13.97
550,2007-02-27,58.95
550,2007-04-26,15.36
550,2007-08-14,43.94
550,2009-01-29,14.96
550,2009-02-02,26.77
550,2009-11-16,51.68
551,2005-01-02,15.49
552,2005-01-02,9.99
553,2005-01-02,42.47
553,2005-02-03,63.85
553,2005-03-22,13.49
553,2005-06-18,157.86
553,2005-09-11,33.76
553,2006-04-07,78.98
553,2006-09-07,26.48
553,2006-12-16,15.56
553,2007-06-15,11.77
553,2007-10-17,14.79
553,2007-11-12,4.79
553,2008-04-06,33.4
553,2008-04-18,25.74
553,2008-06-19,23.54
553,2008-06-21,35.31
553,2008-08-27,26.87
553,2008-10-12,35.51
553,2009-06-19,46.48
553,2010-01-22,45.88
553,2010-04-14,22.96
553,2010-08-16,57.1
553,2010-10-06,19.49
554,2005-01-02,14.96
554,2005-11-20,101.82
555,2005-01-02,31.98
555,2005-06-14,13.97
555,2006-02-26,79.94
555,2006-10-23,15.49
555,2007-09-21,23.98
555,2007-10-23,75.53
555,2008-06-04,16.31
555,2008-11-24,14.42
555,2008-11-25,14.96
555,2009-04-17,27.55
555,2009-04-21,11.49
555,2010-05-26,71.45
556,2005-01-02,19.3
557,2005-01-02,14.99
557,2005-01-31,25.74
557,2005-02-14,69.95
557,2005-09-29,101.41
557,2006-08-05,12.99
557,2006-08-14,16.79
557,2007-09-25,10.77
557,2007-10-19,44.73
558,2005-01-02,28.93
559,2005-01-02,28.99
559,2005-04-11,13.97
560,2005-01-02,27.3
560,2005-03-04,54.35
561,2005-01-02,33.72
561,2006-06-11,11.77
561,2006-12-02,10.99
561,2007-12-03,30.98
561,2008-04-03,45.68
561,2008-09-16,15.99
561,2010-02-20,26.73
562,2005-01-02,14.96
562,2005-07-23,25.98
562,2005-12-09,134.9
562,2006-06-21,24.99
563,2005-01-02,37.97
563,2005-01-21,24.47
564,2005-01-02,15.96
565,2005-01-02,12.99
566,2005-01-02,65.64
566,2005-10-27,10.77
566,2006-09-22,29.92
566,2007-10-30,15.36
566,2007-12-12,12.49
566,2008-09-16,33.96
566,2008-10-22,12.49
566,2008-10-28,19.99
566,2008-11-04,14.99
566,2009-02-25,14.87
566,2009-06-15,26.73
567,2005-01-02,95.43
567,2005-06-10,12.49
567,2005-06-16,28.93
568,2005-01-02,12.99
568,2005-03-17,11.49
568,2005-04-06,89.43
568,2007-11-10,40.97
568,2008-02-25,68.77
568,2008-03-27,14.37
568,2010-10-17,13.97
569,2005-01-02,11.77
570,2005-01-02,23.98
571,2005-01-02,13.97
571,2005-07-27,32.94
571,2006-02-24,12.25
571,2006-06-04,23.98
571,2007-11-02,34.97
571,2008-04-13,14.37
571,2008-08-16,31.8
571,2008-11-30,13.97
571,2010-01-07,63.48
571,2010-08-05,81.41
571,2010-11-27,14.49
572,2005-01-02,18.99
572,2005-05-31,98.5
572,2005-09-20,140.68
572,2005-09-26,49.91
572,2005-10-03,20.98
572,2005-12-18,14.96
572,2006-01-24,14.49
572,2006-04-29,36.33
572,2006-09-20,15.49
572,2006-11-28,41.9
572,2007-09-24,18.48
572,2007-10-29,10.98
572,2008-03-20,68.45
572,2008-04-08,37.48
572,2008-05-14,72.31
572,2009-06-28,14.79
572,2009-12-19,15.76
572,2010-08-19,12.77
572,2010-10-20,15.36
572,2010-10-21,35.97
572,2010-10-28,19.98
572,2010-11-12,49.96
573,2005-01-02,13.96
574,2005-01-02,91.73
574,2005-05-23,38.51
574,2005-12-22,9.98
574,2006-08-01,14.99
574,2007-11-07,46.28
574,2008-07-12,14.37
574,2008-09-07,39.48
574,2009-03-07,39.47
574,2009-09-04,37.54
574,2010-03-13,17.76
575,2005-01-02,25.98
575,2005-08-28,29.76
576,2005-01-02,323.68
577,2005-01-02,12.77
577,2005-05-27,151.98
577,2005-06-03,90.41
577,2005-06-05,13.97
577,2006-05-14,12.99
577,2006-11-20,27.48
577,2006-12-09,26.73
578,2005-01-02,15.36
578,2005-06-05,51.11
578,2005-12-05,13.99
578,2005-12-09,31.51
578,2006-02-25,13.97
578,2006-05-26,87.04
578,2008-06-04,8.77
579,2005-01-02,292.66
580,2005-01-02,28.47
581,2005-01-02,8.77
581,2005-01-21,19.54
581,2005-05-11,10.77
581,2005-06-27,6.49
581,2006-08-17,14.99
581,2006-10-09,13.97
581,2006-10-21,11.77
581,2007-03-02,14.37
581,2007-10-23,30.33
581,2008-12-09,15.96
582,2005-01-02,12.77
582,2005-03-29,27
582,2005-05-31,20.95
582,2005-07-15,29.16
582,2005-12-11,19.54
582,2006-01-04,32.98
582,2006-05-23,28.47
582,2006-06-10,9.49
582,2006-06-12,14.79
582,2006-10-08,62.45
582,2006-12-04,42.47
582,2007-05-04,52.54
582,2007-07-13,30.97
582,2007-08-04,77.94
583,2005-01-02,26.74
583,2005-01-28,60.84
584,2005-01-02,37.65
584,2005-01-18,12.77
584,2005-02-13,33.37
585,2005-01-02,24.48
585,2005-02-26,29.92
586,2005-01-02,15.49
586,2005-02-03,12.99
587,2005-01-02,39.93
588,2005-01-02,65.8
588,2006-08-15,26.94
588,2006-10-20,23.54
589,2005-01-02,14.96
590,2005-01-02,36.73
590,2005-02-28,50.87
591,2005-01-02,101.94
591,2009-12-03,41.68
592,2005-01-02,14.97
592,2005-03-10,14.99
592,2005-04-18,8.77
593,2005-01-02,34.9
594,2005-01-02,15.36
594,2005-12-27,28.37
594,2006-04-15,46.08
594,2006-08-18,9.77
594,2007-10-19,42.48
594,2008-04-25,151.77
595,2005-01-02,13.97
596,2005-01-02,9.49
596,2006-08-03,13.97
597,2005-01-02,33.38
597,2005-08-12,19.77
597,2007-02-06,27.98
597,2007-12-11,14.79
597,2009-03-09,15.96
597,2009-06-08,30.36
597,2010-10-18,29.99
598,2005-01-02,13.97
598,2005-07-10,12.49
599,2005-01-02,42.69
600,2005-01-02,24.94
600,2005-04-17,54.97
600,2005-06-30,66.84
600,2005-10-27,22.54
600,2006-01-09,12.97
